rank	sample	Weighted UniFrac error	Unweighted UniFrac error	L1 norm error	Completeness	Purity	F1 score	True positives	False positives	False negatives	Taxon counts	Jaccard index	Shannon diversity	Shannon equitability	Bray-Curtis distance
superkingdom	/home/jsienkiewicz/fq/SRR2584863.fastq	0.056164217599999997	0.9380480029535178	0.4356907	0.5	1.0	0.6666666666666666	1.0	0.0	1.0	1.0	0.5	0.35772828218650177	0.0	0.3225100776372423
phylum	/home/jsienkiewicz/fq/SRR2584863.fastq	0.056164217599999997	0.9380480029535178	0.4473751	0.3333333333333333	0.5	0.4	1.0	1.0	2.0	2.0	0.25	0.3896581897473129	0.5621579379902191	0.33123244949664155
class	/home/jsienkiewicz/fq/SRR2584863.fastq	0.056164217599999997	0.9380480029535178	0.4473751	0.3333333333333333	0.5	0.4	1.0	1.0	2.0	2.0	0.25	0.3896581897473129	0.5621579379902191	0.33123244949664155
order	/home/jsienkiewicz/fq/SRR2584863.fastq	0.056164217599999997	0.9380480029535178	0.4473821999999999	0.16666666666666666	0.5	0.25	1.0	1.0	5.0	2.0	0.14285714285714285	0.3896581897473129	0.5621579379902191	0.3312359650389258
family	/home/jsienkiewicz/fq/SRR2584863.fastq	0.056164217599999997	0.9380480029535178	0.4473821999999999	0.16666666666666666	0.5	0.25	1.0	1.0	5.0	2.0	0.14285714285714285	0.3896581897473129	0.5621579379902191	0.3312359650389258
genus	/home/jsienkiewicz/fq/SRR2584863.fastq	0.056164217599999997	0.9380480029535178	0.5960076999999999	0.2727272727272727	0.6	0.37499999999999994	3.0	2.0	8.0	5.0	0.23076923076923078	0.619866303004732	0.38514458881315367	0.4412787381841924
species	/home/jsienkiewicz/fq/SRR2584863.fastq	0.056164217599999997	0.9380480029535178	0.8825488	0.029850746268656716	0.4	0.05555555555555556	2.0	3.0	65.0	5.0	0.02857142857142857	0.619866303004732	0.38514458881315367	0.6532863259668917
strain	/home/jsienkiewicz/fq/SRR2584863.fastq	0.056164217599999997	0.9380480029535178	1.3509372	0.0	0.0	na	0.0	5.0	67.0	5.0	0.0	0.619866303004732	0.38514458881315367	1.0
